"","sex","cap_cat","tot_in_sex","tot_sex","perc_of_sex","tot_group","tot","perc","index"
"1","Female","<0",98323571,2951460666,0.0333135291730837,426953407,9151660523,0.0466531080263498,0.7140688066113
"2","Female",">20k",11620362,2951460666,0.0039371563151301,68712447,9151660523,0.00750819447763731,0.524381237973614
"3","Female","0-20k",2841516733,2951460666,0.962749314511786,8655994669,9151660523,0.945838697496013,1.01787896505032
"4","Male","<0",328629836,6200199857,0.0530031037030166,426953407,9151660523,0.0466531080263498,1.13611088189624
"5","Male",">20k",57092085,6200199857,0.00920810398321971,68712447,9151660523,0.00750819447763731,1.22640722888112
"6","Male","0-20k",5814477936,6200199857,0.937788792313764,8655994669,9151660523,0.945838697496013,0.991489135300173
