,race,<5 years,5-10 years,10+ years
1,Amer_Indian_Eskimo,1.054568444,1.198272999,0.846201741
2,Asian_Pac_Islander,0.740830149,0.607189024,1.315927633
3,Black,0.824223645,1.250565133,0.823830516
4,Other,4.210894033,1.019350322,0.746720804
5,White,0.99981237,0.975906156,1.018210399