"","sex","cap_edu","tot_in_sex","tot_sex","perc_of_sex","tot_group","tot","perc","index"
"1","Female","<5 years",87944361,2951460666,0.0297968941321477,371805532,9151660523,0.0406271114477615,0.733423890361013
"2","Female","10+ years",1670391604,2951460666,0.565954214888392,5002103945,9151660523,0.546578834783992,1.03544846392023
"3","Female","5-10 years",1193124701,2951460666,0.404248890979461,3777751046,9151660523,0.412794053768246,0.979299210560859
"4","Male","<5 years",283861171,6200199857,0.0457825840371132,371805532,9151660523,0.0406271114477615,1.12689734528581
"5","Male","10+ years",3331712341,6200199857,0.537355636566862,5002103945,9151660523,0.546578834783992,0.983125584764409
"6","Male","5-10 years",2584626345,6200199857,0.416861779396025,3777751046,9151660523,0.412794053768246,1.00985412844649
