,race,Divorced,Married_civ_spouse,Married_spouse_absent,Never_married,Separated,Widowed,Married_AF_spouse
1,Amer_Indian_Eskimo,1.472527306,0.824895502,2.031304909,0.972047217,1.065229346,1.364196894,0
2,Asian_Pac_Islander,0.468965965,1.095301591,3.063065894,1.061437856,0.513281824,0.877568814,0.109060835
3,Black,1.075617518,0.616386185,1.462549456,1.305150285,2.499852853,1.216309415,1.31179491
4,Other,0.682845413,0.925802503,3.400786935,1.094579226,1.578241173,0.779533567,0
5,White,1.005968256,1.052325166,0.83915088,0.954914075,0.800594072,0.973375907,1.00203033