"","race","<5 years","10+ years","5-10 years"
"1","Amer_Indian_Eskimo",1.05456844446352,0.84620174085773,1.19827299897345
"2","Asian_Pac_Islander",0.74083014914037,1.31592763310796,0.607189023957025
"3","Black",0.82422364471144,0.823830515674162,1.25056513314403
"4","Other",4.2108940332812,0.746720804365685,1.01935032206701
"5","White",0.999812370192323,1.01821039871723,0.975906155711507
