"","race","false positive rate"
"1","Amer_Indian_Eskimo",0.00641025641025641
"2","Asian_Pac_Islander",0.0770833333333333
"3","Black",0.0187096774193548
"4","Other",0.0149253731343284
"5","White",0.0402006397208491
