"","race","Divorced","Married_civ_spouse","Married_spouse_absent","Never_married","Separated","Widowed","Married_AF_spouse"
"1","Amer_Indian_Eskimo",1.47252730582028,0.82489550172196,2.03130490911316,0.972047217356058,1.0652293459899,1.3641968937101,0
"2","Asian_Pac_Islander",0.468965965044826,1.09530159095359,3.06306589422835,1.0614378564741,0.513281824443575,0.877568813873933,0.109060835220396
"3","Black",1.07561751828981,0.616386184646313,1.46254945571806,1.30515028539565,2.49985285275528,1.2163094151951,1.31179490985549
"4","Other",0.682845413012063,0.92580250253215,3.40078693479791,1.09457922602492,1.57824117300162,0.779533566610139,0
"5","White",1.005968255524,1.05232516558245,0.83915088032028,0.954914075272586,0.800594071891798,0.973375907417349,1.00203032997647
